,Phone_name,discounted_price,Actual_price,Discount_applied
0,Xiaomi Redmi Note 13,"Rs  45,999","Rs  52,999",13% OFF
1,Nokia 106 2023,"Rs  4,299","Rs  4,999",14% OFF
2,Nokia 105 Classic,"Rs  3,699","Rs  4,199",12% OFF
3,Nokia 105 2023,"Rs  4,099","Rs  4,699",13% OFF
4,VGO TEL Note 23,"Rs  27,299","Rs  31,999",15% OFF
5,AllCall Shine 12 Pro,"Rs  19,099","Rs  20,999",9% OFF
6,Realme 12 4G,"Rs  54,199","Rs  59,999",10% OFF
7,Samsung Galaxy A24 4G,"Rs  50,999","Rs  72,999",30% OFF
8,Qmobile QSmart Ultra,"Rs  21,999","Rs  29,999",27% OFF
9,AllCall Shine 12T,"Rs  16,999","Rs  18,499",8% OFF
10,Tecno Spark 20 Pro,"Rs  38,099","Rs  40,999",7% OFF
11,Infinix Note 40,"Rs  47,999","Rs  57,999",17% OFF
12,Samsung Galaxy A05,"Rs  23,100","Rs  24,999",8% OFF
13,Jazz Digit Energy 4G,"Rs  5,999","Rs  10,900",45% OFF
14,Realme C65,"Rs  46,999","Rs  49,999",6% OFF
15,Tecno Camon 30,"Rs  51,999","Rs  57,999",10% OFF
16,Jazz Digit E2 Pro 4G,"Rs  6,999","Rs  9,499",26% OFF
17,Infinix Hot 40 Pro,"Rs  41,199","Rs  44,999",8% OFF
18,Nokia G21,"Rs  24,899","Rs  31,999",22% OFF
19,Xiaomi Redmi 13C,"Rs  26,999","Rs  28,999",7% OFF
20,Nokia C31,"Rs  20,399","Rs  31,999",36% OFF
21,Xiaomi Redmi A3x,"Rs  19,499","Rs  20,999",7% OFF
22,Infinix Smart 8,"Rs  22,799","Rs  24,999",9% OFF
23,ZTE Blade A53 Pro,"Rs  15,899","Rs  20,999",24% OFF
24,Realme C53,"Rs  33,999","Rs  39,999",15% OFF
25,Honor X6a,"Rs  25,999","Rs  30,999",16% OFF
26,Tecno Spark 20 Pro Plus,"Rs  51,999","Rs  59,999",13% OFF
27,Xiaomi Redmi 12,"Rs  31,999","Rs  32,999",3% OFF
28,Oppo Reno 12F,"Rs  67,999","Rs  69,999",3% OFF
29,Dcode Cygnal 2,"Rs  17,899","Rs  25,999",31% OFF
30,Xiaomi Redmi 13,"Rs  37,999","Rs  42,999",12% OFF
31,Tecno Spark 10C,"Rs  24,999","Rs  31,999",22% OFF
32,Tecno Spark Go 2024,"Rs  22,799","Rs  24,999",9% OFF
33,Dcode Cygnal 3 Lite,"Rs  16,999","Rs  23,499",28% OFF
34,Vivo Y03,"Rs  28,299","Rs  30,999",9% OFF
35,Vivo Y03,"Rs  28,299","Rs  30,999",9% OFF
36,Vivo Y27s,"Rs  42,999","Rs  46,999",9% OFF
37,Oppo A38,"Rs  41,999","Rs  44,999",7% OFF
38,Itel It2165,"Rs  2,499",,
39,Infinix Note 40 Pro,"Rs  75,199","Rs  79,999",6% OFF
40,itel A17,"Rs  10,499","Rs  16,999",38% OFF
41,Vivo Y28,"Rs  45,499","Rs  49,999",9% OFF
42,ZTE Blade A52,"Rs  15,499","Rs  25,999",40% OFF
43,Tecno Spark 20,"Rs  30,299","Rs  32,999",8% OFF
44,Xiaomi Redmi A3,"Rs  22,299","Rs  23,999",7% OFF
45,Sparx Edge 20 Pro,"Rs  47,399","Rs  52,499",10% OFF
46,Xiaomi Redmi Note 13 Pro Plus,"Rs  130,999","Rs  139,999",6% OFF
47,Samsung Galaxy A15,"Rs  46,999","Rs  52,999",11% OFF
48,Infinix Hot 30i,"Rs  27,299","Rs  29,999",9% OFF
49,VGO TEL New 24,"Rs  19,899","Rs  20,999",5% OFF
50,Realme Note 50,"Rs  23,699","Rs  24,999",5% OFF
51,Realme C63,"Rs  32,999","Rs  39,999",18% OFF
52,Oppo A58,"Rs  44,999","Rs  48,999",8% OFF
53,Infinix GT 20 Pro,"Rs  92,599","Rs  99,999",7% OFF
54,QMobile Qsmart Blaze,"Rs  16,899","Rs  21,999",23% OFF
55,itel Power 120,"Rs  2,999",,
56,Faywa Smart Max,"Rs  3,599","Rs  3,999",10% OFF
57,ZTE Blade A31 Plus,"Rs  12,299","Rs  22,299",45% OFF
58,Honor X6,"Rs  22,299","Rs  29,999",26% OFF
59,Oppo A60,"Rs  53,199","Rs  54,999",3% OFF
60,Infinix Smart 8 Plus,"Rs  23,399","Rs  26,999",13% OFF
61,Infinix Hot 40,"Rs  34,399","Rs  37,999",9% OFF
62,Oppo A78,"Rs  59,999","Rs  64,999",8% OFF
63,Tecno Pop 7,"Rs  18,099","Rs  20,699",13% OFF
64,Samsung Galaxy A25,"Rs  79,500","Rs  98,500",19% OFF
65,VGO TEL NEW 12,"Rs  15,999",,
66,Dcode Cygnal 3 Pro,"Rs  19,999","Rs  30,999",35% OFF
67,Samsung Galaxy S24 Ultra,"Rs  424,999","Rs  469,999",10% OFF
68,Sparx Neo 7 Pro,"Rs  20,999","Rs  27,499",24% OFF
69,GFive Falak,"Rs  3,199","Rs  3,399",6% OFF
70,GFive Falak,"Rs  3,199","Rs  3,399",6% OFF
71,Oppo Reno 12F,"Rs  67,999","Rs  69,999",3% OFF
72,Itel A60s,"Rs  21,849","Rs  22,999",5% OFF
73,VGO TEL New 15,"Rs  17,499",,
74,Samsung Galaxy A35 5G,"Rs  104,500","Rs  119,999",13% OFF
75,VGO TEL i510,"Rs  3,499","Rs  3,700",5% OFF
76,Samsung Galaxy A54 5G,"Rs  103,999","Rs  140,999",26% OFF
77,Dcode Cygnal 2 Pro,"Rs  16,399","Rs  29,999",45% OFF
78,GFive 6700 4G (2024),"Rs  7,199","Rs  8,000",10% OFF
79,Sparx Neo 7 Ultra,"Rs  23,999","Rs  25,499",6% OFF
80,Calme C885,"Rs  3,299","Rs  3,699",11% OFF
81,VGO TEL i15,"Rs  4,349","Rs  4,650",6% OFF
82,Xiaomi Redmi Note 12,"Rs  41,299","Rs  48,999",16% OFF
83,Samsung Galaxy A05s,"Rs  39,999","Rs  44,999",11% OFF
84,VGO TEL S20,"Rs  3,899","Rs  5,249",26% OFF
85,E-Tachi iPro,"Rs  4,099","Rs  4,999",18% OFF
86,Xiaomi Redmi Note 13 Pro,"Rs  63,499","Rs  74,999",15% OFF
87,Itel Neo X30+,"Rs  6,499","Rs  7,000",7% OFF
88,VGO TEL New 16,"Rs  18,099","Rs  18,599",3% OFF
89,Itel S24,"Rs  26,599","Rs  33,999",22% OFF
90,VGO TEL iMusic,"Rs  4,499","Rs  4,749",5% OFF
91,VGO TEL Four 22,"Rs  3,799","Rs  5,049",25% OFF
92,Nokia 110 2023,"Rs  6,099",,
93,Qmobile E 2000 Music,"Rs  3,599",,
94,Realme C51,"Rs  24,999","Rs  28,999",14% OFF
95,VGO TEL Smart HI-FI,"Rs  4,899","Rs  5,324",8% OFF
96,itel S23 Plus,"Rs  41,499","Rs  44,999",8% OFF
97,VGO TEL i101,"Rs  2,199","Rs  2,699",19% OFF
98,VNUS SE22,"Rs  16,249","Rs  27,999",42% OFF
99,Faywa Diamond,"Rs  3,850","Rs  4,000",4% OFF
100,Poco M6 Pro,"Rs  84,999","Rs  89,999",6% OFF
101,Tecno Spark 20C,"Rs  25,699","Rs  27,999",8% OFF
102,VGO TEL Beauty,"Rs  2,999",,
103,Villaon V30,"Rs  14,999","Rs  18,499",19% OFF
104,FAYWA Prime 2,"Rs  2,329","Rs  2,449",5% OFF
105,FAYWA Prime 2,"Rs  2,329","Rs  2,449",5% OFF
106,Vivo Y17s,"Rs  34,999",,
107,Infinix Smart 8 Pro,"Rs  25,299","Rs  27,999",10% OFF
108,Sparx Neo 8,"Rs  24,299","Rs  29,499",18% OFF
109,Xiaomi Redmi 10A,"Rs  21,799","Rs  29,999",27% OFF
110,Vivo Y18,"Rs  34,999","Rs  38,499",9% OFF
111,ZTE Blade A54,"Rs  19,999","Rs  22,999",13% OFF
112,ZTE Nubia V60 Design,"Rs  29,399","Rs  30,999",5% OFF
113,Faywa F110,"Rs  2,325","Rs  2,385",3% OFF
114,itel Flip 1,"Rs  6,499","Rs  6,999",7% OFF
115,Itel Magic 4,"Rs  4,999","Rs  6,199",19% OFF
116,GFive Music 300,"Rs  2,399",,
117,ZTE Nubia Focus Pro,"Rs  55,499","Rs  57,999",4% OFF
118,Qmobile Spark 4000,"Rs  3,899",,
119,itel Muzik 400,"Rs  4,549","Rs  4,699",3% OFF
120,Itel Power 900,"Rs  5,099","Rs  5,699",11% OFF
121,itel P55 Plus,"Rs  31,499","Rs  32,999",5% OFF
122,VGO TEL i12,"Rs  4,949","Rs  5,250",6% OFF
123,Sparx Neo 11,"Rs  23,549","Rs  25,499",8% OFF
124,Memobile Banana,"Rs  1,999",,
125,Samsung Galaxy A34,"Rs  79,999","Rs  116,999",32% OFF
126,Nokia C22,"Rs  23,649","Rs  24,999",5% OFF
127,Infinix Note 40 Pro Plus,"Rs  93,999","Rs  99,999",6% OFF
128,Vivo V30 5G,"Rs  120,999","Rs  135,999",11% OFF
129,Realme C30,"Rs  22,999","Rs  24,999",8% OFF
130,Villaon V30 RS,"Rs  20,299","Rs  24,999",19% OFF
131,Honor X5 Plus,"Rs  22,999","Rs  28,499",19% OFF
132,ZTE Blade V30 Vita,"Rs  18,999","Rs  24,999",24% OFF
133,Vivo Y21T,"Rs  48,499","Rs  79,999",39% OFF
134,Digit Infinity,"Rs  13,299","Rs  20,699",36% OFF
135,Samsung Galaxy S23 Ultra,"Rs  353,500","Rs  382,999",8% OFF
136,Apple iPhone 13,"Rs  235,999","Rs  274,999",14% OFF
137,Samsung Galaxy S24,"Rs  275,499","Rs  289,999",5% OFF
138,Tecno Camon 30 Pro 5G,"Rs  93,999","Rs  99,999",6% OFF
139,Itel P40 4G,"Rs  22,499",,
140,Dcode Cygnal 2 Lite,"Rs  15,299","Rs  23,999",36% OFF
141,GFive Guru,"Rs  2,399",,
142,Apple iPhone 11,"Rs  155,999","Rs  207,999",25% OFF
143,Dcode Bold 3 Pro,"Rs  42,999",,
144,FAYWA F111,"Rs  2,479",,
145,Samsung Galaxy S24 Ultra (12GB-256GB),"Rs  399,999","Rs  434,999",8% OFF
146,Samsung Galaxy A55 5G,"Rs  129,999","Rs  139,999",7% OFF
147,Apple iPhone 14,"Rs  278,999","Rs  299,999",7% OFF
148,Oppo A54,"Rs  46,999","Rs  59,999",22% OFF
149,QMobile QSmart 8,"Rs  18,199","Rs  18,999",4% OFF
150,Honor X7b,"Rs  56,999","Rs  59,999",5% OFF
151,E-Tachi B13,"Rs  2,624",,
152,Oppo Reno 11 5G,"Rs  120,999","Rs  129,999",7% OFF
153,Sparx Note 20,"Rs  34,899","Rs  37,999",8% OFF
154,REMAXX R110,"Rs  2,349","Rs  2,350",0% OFF
155,E-Tachi Mega Music Pro,"Rs  3,825",,
156,E-Tachi Mega Music,"Rs  3,999",,
157,FAYWA Prime 3,"Rs  2,329","Rs  2,449",5% OFF
158,Samsung Galaxy A34,"Rs  79,999","Rs  116,999",32% OFF
159,itel A70,"Rs  19,599","Rs  23,999",18% OFF
160,Calme 4g Star,"Rs  7,599","Rs  9,500",20% OFF
161,Faywa F6310,"Rs  2,949","Rs  3,249",9% OFF
162,Villaon V210,"Rs  2,699",,
163,Motorola Moto G84 5G,"Rs  66,899","Rs  74,999",11% OFF
164,Infinix Smart 6,"Rs  20,849","Rs  30,999",33% OFF
165,Itel S23 4G,"Rs  19,899","Rs  21,999",10% OFF
166,Itel A05s,"Rs  18,899",,
167,itel A70 Pro,"Rs  21,599","Rs  33,999",36% OFF
168,Itel It5361,"Rs  4,140",,
169,Itel A50,"Rs  18,999","Rs  19,999",5% OFF
170,GFive Music 200,"Rs  2,499",,
171,Digit 4G Energy Max,"Rs  8,199","Rs  9,999",18% OFF
172,GRESSO E1280,"Rs  2,399","Rs  3,000",20% OFF
173,E-Tachi E8 Classic,"Rs  3,649",,
174,Faywa F3,"Rs  2,649",,
175,HONOR X9b,"Rs  122,299","Rs  129,999",6% OFF
176,Faywa NEX1 4G,"Rs  7,699","Rs  7,799",1% OFF
177,Qmobile E 3000,"Rs  3,599",,
178,Calme iMax,"Rs  2,999","Rs  5,499",45% OFF
179,Faywa F6,"Rs  2,399","Rs  2,449",2% OFF
180,Faywa L1,"Rs  2,549",,
181,FAYWA F14 Pro (4 Sim),"Rs  3,479","Rs  4,099",15% OFF
182,Samsung Galaxy A13,"Rs  31,999","Rs  57,999",45% OFF
183,Xiaomi Redmi A1+,"Rs  17,999","Rs  26,999",33% OFF
184,VGO TEL i251,"Rs  3,099","Rs  3,749",17% OFF
185,VGO TEL i710,"Rs  4,999",,
186,GFive Style,"Rs  2,999","Rs  3,399",12% OFF
187,GFive Style 4G,"Rs  6,999","Rs  8,000",13% OFF
188,Calme Music 300,"Rs  3,799",,
189,GRESSO Jugnu,"Rs  2,799",,
190,Samsung Galaxy A34,"Rs  79,999","Rs  116,999",32% OFF
191,Samsung Galaxy S23 FE,"Rs  191,999","Rs  204,999",6% OFF
192,Vivo Y100,"Rs  54,999","Rs  60,999",10% OFF
193,Tecno Spark 10,"Rs  26,499","Rs  34,999",24% OFF
194,XSmart Mate 10,"Rs  21,899","Rs  24,999",12% OFF
195,Villaon Pock 1,"Rs  2,899","Rs  2,999",3% OFF
196,VGO TEL iMusic Lite,"Rs  3,899",,
197,Honor X8b,"Rs  75,799","Rs  79,999",5% OFF
198,XMobile X2 Play,"Rs  2,699",,
199,Samsung Galaxy Z Fold 4,"Rs  349,999","Rs  539,999",35% OFF
200,Apple iPhone 15 Pro,"Rs  404,999",,
201,Vivo Y22,"Rs  45,999","Rs  59,999",23% OFF
202,Realme C25Y,"Rs  29,999","Rs  49,999",40% OFF
203,Itel It5262,"Rs  3,959",,
204,VGO TEL i10,"Rs  3,649",,
205,Calme 4G Hot,"Rs  5,399","Rs  5,499",2% OFF
206,VNUS Sky 1,"Rs  11,099","Rs  14,499",23% OFF
207,Spice S5,"Rs  2,999",,
208,FAYWA SMART 1,"Rs  3,899","Rs  4,199",7% OFF
209,Apple iPhone 12,"Rs  185,999","Rs  200,000",7% OFF
210,FAYWA SMART 1,"Rs  3,899","Rs  4,199",7% OFF
211,Xsmart Core X,"Rs  20,899","Rs  22,499",7% OFF
212,KXD Classic Core A09,"Rs  19,899","Rs  22,500",12% OFF
213,Villaon V110,"Rs  2,099",,
214,Gfive 15 Pro,"Rs  3,899",,
215,DIGIT Hero,"Rs  7,500",,
216,GRESSO E3100,"Rs  2,400","Rs  2,799",14% OFF
217,VNUS Rock 1,"Rs  10,099","Rs  10,999",8% OFF
218,FAYWA Magic Power,"Rs  2,575",,
219,FAYWA Eagle 1,"Rs  3,299","Rs  3,549",7% OFF
220,FAYWA J3 Slim,"Rs  2,999","Rs  3,999",25% OFF
221,Faywa Smart 4G,"Rs  7,749","Rs  9,499",18% OFF
222,Sparx Neo 7 Plus,"Rs  19,999","Rs  21,999",9% OFF
223,QMobile QStar Max,"Rs  4,099",,
224,Vivo V30e,"Rs  82,999","Rs  95,999",14% OFF
225,me Mobile Magic Star,"Rs  3,550",,
226,me Mobile M106,"Rs  2,699",,
227,XMobile X7,"Rs  4,099",,
228,XMobile X1,"Rs  2,799",,
229,E-Tachi Music E1000,"Rs  3,799",,
230,E-Tachi E-Prime,"Rs  3,799","Rs  3,899",3% OFF
231,Spice S5026,"Rs  2,999",,
232,Faywa E1000 Music,"Rs  3,600",,
233,Itel A49 Play,"Rs  16,399","Rs  16,999",4% OFF
234,XSmart Nova 7,"Rs  19,299","Rs  20,499",6% OFF
235,Nokia C12 Pro,"Rs  21,499","Rs  22,999",7% OFF
236,Apple iPhone 15 Plus,"Rs  399,999","Rs  419,600",5% OFF
237,Itel It 5031,"Rs  3,399",,
238,Calme battery ka pehlwan,"Rs  3,650",,
239,me Mobile I251,"Rs  3,499",,
240,GRACE 9,"Rs  24,799","Rs  25,999",5% OFF
241,Memobile XL300,"Rs  3,499",,
242,GRESSO 4sim,"Rs  3,500",,
243,XMobile Champion,"Rs  3,599",,
244,XMobile Dabang Plus,"Rs  3,849",,
245,XMobile X1000 Music,"Rs  3,999",,
246,XMobile X4i,"Rs  3,799",,
247,XMobile Disco Plus,"Rs  3,899",,
248,Xmobile X6,"Rs  3,899",,
249,Xmobile Boom I,"Rs  3,599","Rs  3,799",5% OFF
250,E-Tachi E40i,"Rs  3,699","Rs  3,799",3% OFF
251,FAYWA Prime 1,"Rs  2,499",,
252,Honor 90 Lite,"Rs  85,799","Rs  89,999",5% OFF
253,XSmart Mate 10,"Rs  21,899","Rs  24,999",12% OFF
254,UMIDIGI A15,"Rs  37,299","Rs  42,999",13% OFF
255,Nokia 105,"Rs  5,549",,
256,VGO TEL Beauty Max,"Rs  3,649",,
257,Itel SG600,"Rs  3,399","Rs  3,999",15% OFF
258,VGO TEL Four 44,"Rs  4,699",,
259,VGO TEL S9,"Rs  4,849",,
260,Digit Play 1,"Rs  13,499","Rs  20,599",34% OFF
261,ZTE Blade A51,"Rs  13,999","Rs  21,999",36% OFF
262,REMAXX R1280,"Rs  2,349","Rs  2,350",0% OFF
263,REMAXX R105,"Rs  2,699",,
264,XMobile Mega Gabbar,"Rs  3,999","Rs  4,099",2% OFF
265,XMobile Music King,"Rs  3,899",,
266,Faywa Music 700,"Rs  3,349","Rs  3,400",2% OFF
267,XSmart Nova 5,"Rs  18,099",,
268,UMIDIGI G3 Plus,"Rs  22,999","Rs  29,999",23% OFF
269,Samsung Galaxy Z Flip 4,"Rs  245,999","Rs  368,499",33% OFF
270,Apple iPhone 15,"Rs  321,999","Rs  344,450",7% OFF
271,Tecno Camon 30 Premier 5G,"Rs  151,999","Rs  158,999",4% OFF
272,me Mobile L109,"Rs  3,149",,
273,GRESSO Turbo 2 Plus,"Rs  2,899",,
274,Gresso Rock star,"Rs  4,199","Rs  4,200",0% OFF
275,OUKITEL C32,"Rs  25,899","Rs  26,499",2% OFF
276,XMobile Music Ka Sultan Plus,"Rs  3,899",,
277,XMobile Gabbar Plus,"Rs  3,599",,
278,XMobile X4 Plus,"Rs  3,749",,
279,XMobile Music Master,"Rs  3,699",,
280,XMobile Music Master,"Rs  3,699",,
281,E-Tachi Magic E5,"Rs  3,749",,
282,E-Tachi E444,"Rs  3,749",,
283,FAYWA F2,"Rs  2,550","Rs  2,775",8% OFF
284,UMIDIGI A15C,"Rs  32,399","Rs  37,999",15% OFF
285,Xiaomi 14,"Rs  289,999","Rs  339,999",15% OFF
286,VGO TEL i888,"Rs  5,099",,
287,Calme E1000,"Rs  3,799",,
288,Sparx Neo 5 Pro,"Rs  17,249","Rs  17,999",4% OFF
289,GRESSO CR7,"Rs  2,799",,
290,XMobile Gabbar Pro Plus,"Rs  3,699",,
291,XMobile X1000 Party,"Rs  3,599",,
292,Villaon V5606,"Rs  2,099",,
293,Qmobile E1000 Party V2,"Rs  3,349","Rs  3,360",0% OFF
294,Calme Music 400,"Rs  4,199",,
295,Gresso G105,"Rs  2,400",,
296,Xmobile Dabang Pro,"Rs  3,799",,
297,E-Tachi E777,"Rs  3,899",,
298,E-Tachi Music E10,"Rs  3,899",,
299,Faywa E2000 Music,"Rs  3,525","Rs  3,625",3% OFF
300,Faywa F10,"Rs  3,199",,
301,GIONEE L800i,"Rs  3,799",,
302,Calme Spark,"Rs  2,899","Rs  3,399",15% OFF
303,Calme M221,"Rs  3,249",,
304,OUKITEL C36,"Rs  20,499","Rs  20,999",2% OFF
305,REMAXX Star,"Rs  2,899",,
306,Xmobile X101,"Rs  2,599",,
307,Faywa Music 500,"Rs  3,299","Rs  3,600",8% OFF
308,Faywa Dabang,"Rs  3,099","Rs  3,249",5% OFF
309,AllCall Hero 20i,"Rs  19,099","Rs  19,999",5% OFF
310,Qmobile Qclub,"Rs  3,399",,
311,Itel A26,"Rs  16,399","Rs  22,399",27% OFF
312,REMAXX Thunder Pro,"Rs  2,649","Rs  2,650",0% OFF
313,REMAXX Hero,"Rs  2,450",,
314,Xmobile D4 Lite,"Rs  4,049",,
315,Faywa Music 800,"Rs  3,099","Rs  3,300",6% OFF
316,Qmobile Qclub,"Rs  3,399",,
317,AllCall Magic 15,"Rs  18,629","Rs  19,499",4% OFF
318,Itel A26,"Rs  16,399","Rs  22,399",27% OFF
319,Sparx Neo X,"Rs  23,699","Rs  24,499",3% OFF
320,Sparx S7,"Rs  14,199","Rs  15,999",11% OFF
321,Xmobile G3 Plus,"Rs  3,899",,
322,Spice Mega Music,"Rs  2,425",,
323,Faywa Music 600,"Rs  3,299","Rs  3,499",6% OFF
324,Gresso A10,"Rs  3,300",,
325,REMAXX Eco,"Rs  2,499","Rs  2,500",0% OFF
326,XMOBILE E4 NEW,"Rs  3,799",,
327,Xmobile Power X,"Rs  3,899",,
328,Xmobile X2 Plus,"Rs  2,899",,
329,Xmobile X16,"Rs  3,999",,
330,Faywa F4,"Rs  2,899","Rs  2,985",3% OFF
331,Faywa SP1000,"Rs  2,475","Rs  2,575",4% OFF
332,Faywa J2 CLASSIC,"Rs  3,049","Rs  3,249",6% OFF
333,VGO TEL i20,"Rs  4,799",,
334,GFive 2Eye,"Rs  1,949",,
335,GFive star,"Rs  1,999",,
336,GFive Mega,"Rs  2,149",,
337,GFive Ultra pro,"Rs  3,099",,
338,Gfive Baadshah,"Rs  3,349",,
339,Calme Music 600,"Rs  3,699",,
340,Jazz Digit Crown 4G,"Rs  6,299",,
341,Jazz Digit E3 Pro 4G,"Rs  10,999",,
342,Digit Infinity Max,"Rs  18,799",,
343,ZTE Blade A72s,"Rs  22,499",,
344,QMobile SL50i,"Rs  3,999",,
345,Qmobile QGuru,"Rs  1,999",,
346,Nokia 2660 Flip,"Rs  15,299",,
347,Samsung Galaxy S22 Ultra,"Rs  289,999",,
348,Samsung Galaxy S22,"Rs  194,999",,
349,Samsung Galaxy A04s,"Rs  39,999",,
350,Calme Music 600,"Rs  3,699",,
351,Jazz Digit Crown 4G,"Rs  6,299",,
352,Jazz Digit E3 Pro 4G,"Rs  10,999",,
353,Digit Infinity Max,"Rs  18,799",,
354,ZTE Blade A72s,"Rs  22,499",,
355,GRESSO R106 Pro,"Rs  2,549",,
356,GRESSO R106,"Rs  2,799",,
357,XMobile F6 Plus,"Rs  3,899",,
358,XMobile X3,"Rs  2,899",,
359,E-Tachi B12,"Rs  2,599",,
360,E-Tachi E4i,"Rs  4,599",,
361,E-Tachi E5310 Lite,"Rs  3,799",,
362,Club Mobile A1000,"Rs  3,799",,
363,itel P17 Pro,"Rs  11,299",,
364,Dcode Bold 2,"Rs  18,999",,
365,QMobile SL100 Power,"Rs  4,299",,
366,QMobile E400i,"Rs  3,599",,
367,QMobile Music 400 Pro,"Rs  3,777",,
368,QMobile SL100 Big,"Rs  4,299",,
369,QMobile QHero,"Rs  3,299",,
370,QPhantom,"Rs  4,699",,
371,Nokia 130,"Rs  5,799",,
372,Nokia 105 2022,"Rs  6,199",,
373,Samsung Galaxy A04,"Rs  18,999",,
374,Samsung Galaxy Z Fold 5,"Rs  589,399",,
375,Infinix Note 30,"Rs  42,999",,
376,Oppo Reno 11F 5G,"Rs  77,999",,
377,Xiaomi 13T,"Rs  160,999",,
378,Xiaomi Poco C65,"Rs  35,999",,
379,Xiaomi 14 Ultra,"Rs  369,599",,
380,Motorola Moto G54 5G,"Rs  43,499",,
381,GFive G3310,"Rs  2,749",,
382,GFive Big Fighter,"Rs  2,749",,
383,GFive Fighter,"Rs  2,899",,
384,GFive Rock,"Rs  2,700",,
385,GFive Big Fighter,"Rs  2,749",,
386,GFive Fighter,"Rs  2,899",,
387,GFive Rock,"Rs  2,700",,
388,GFive pro,"Rs  3,149",,
389,GFive Rocky,"Rs  2,999",,
390,Digit Glory 1,"Rs  12,799",,
391,Digit Next Ultra,"Rs  18,299",,
392,Digit 4G Power Max,"Rs  6,599",,
393,me Mobile Grace 10,"Rs  29,999",,
394,Memobile iPower pro,"Rs  2,399",,
395,XMobile X4,"Rs  3,499",,
396,XMobile Jeet,"Rs  2,799",,
397,XMobile X4 Lite,"Rs  3,999",,
398,XMobile X1 Lite,"Rs  2,399",,
399,E-Tachi B105 Lite,"Rs  2,499",,
400,E-Tachi B555,"Rs  2,199",,
401,Club Mobile A3000,"Rs  3,399",,
402,Sparx Neo 6 Plus,"Rs  17,549",,
403,Honor X5,"Rs  15,499",,
404,Villaon V112,"Rs  2,399",,
405,Samsung Galaxy A14,"Rs  36,999",,
406,Apple iPhone 14 Pro,"Rs  505,999",,
407,QMobile SL100,"Rs  3,880",,
408,QMobile Music Ka Sultan,"Rs  3,799",,
409,Qmobile QGuru Plus,"Rs  2,099",,
410,Qmobile Q150,"Rs  2,649",,
411,Nokia 110 2022,"Rs  7,999",,
412,Infinix Hot 30,"Rs  30,099",,
413,Xiaomi Redmi 12C,"Rs  23,999",,
414,Xiaomi Redmi A2 Plus,"Rs  17,999",,
415,Poco X6 Pro 5G,"Rs  122,099",,
416,Poco F6,"Rs  131,999",,
417,Poco F6 Pro,"Rs  169,999",,
418,Realme 12+ 5G,"Rs  69,999",,
419,Tecno Phantom V Flip,"Rs  184,999",,
420,Dcode Cypher,"Rs  24,999",,
421,VGO TEL New 22,"Rs  17,999",,
422,VGO TEL S22,"Rs  4,899",,
423,VGO TEL i102,"Rs  2,599",,
424,VGO-TEL V5310,"Rs  4,699",,
425,Jazz Digit Music 4G,"Rs  7,499",,
426,GFive G251,"Rs  3,499",,
427,GFive Rose,"Rs  3,299",,
428,GFive Gold,"Rs  2,049",,
429,GFive Don,"Rs  2,849",,
430,GFive 6700 4G,"Rs  7,199",,
431,GFive Prime,"Rs  2,199",,
432,me Mobile M-1110,"Rs  2,299",,
433,me Mobile L788,"Rs  2,599",,
434,me Mobile Magic Power,"Rs  2,749",,
435,E-Tachi E5310,"Rs  3,749",,
436,E-Tachi B222 lite,"Rs  2,999",,
437,E-Tachi B222,"Rs  2,999",,
438,FAYWA Magic 1,"Rs  2,575",,
439,Sparx Ultra 11,"Rs  25,299",,
440,KXD Classic core A06,"Rs  16,999",,
441,Qmobile E1000 Party 2021,"Rs  3,549",,
442,Qmobile Q150s,"Rs  2,749",,
443,QMobile QStar,"Rs  3,149",,
444,QMobile E990i Sirocco,"Rs  3,599",,
445,Qmobile Classic,"Rs  2,699",,
446,Qmobile Spark4000,"Rs  3,899",,
447,Qmobile QSpark,"Rs  2,699",,
448,Qmobile Qicon,"Rs  2,499",,
449,Nokia 110 (2019),"Rs  6,999",,
450,Nokia C21,"Rs  15,499",,
451,Nokia 105 Plus,"Rs  5,499",,
452,Apple iPhone 14 Plus,"Rs  420,999",,
453,Vivo Y73,"Rs  65,999",,
454,Infinix Zero 30 5G,"Rs  94,499",,
455,Infinix Zero 30 4G,"Rs  64,999",,
456,Tecno Spark Go 2023,"Rs  23,799",,
457,Tecno Pova 5 Pro,"Rs  42,999",,
458,Gfive G4 Play,"Rs  3,199",,
459,GFive Smart,"Rs  1,999",,
460,GFive Dhoom,"Rs  2,149",,
461,GFive magic pro,"Rs  3,149",,
462,GFive ultra smart,"Rs  2,999",,
463,GFive Lion,"Rs  3,350",,
464,Calme i14 Max,"Rs  4,099",,
465,Jazz Digit Shine 4G,"Rs  7,599",,
466,Digit E4 Pro 4G,"Rs  9,699",,
467,Itel P55,"Rs  22,999",,
468,Dcode Cygnal,"Rs  21,499",,
469,VGO TEL New 7,"Rs  6,299",,
470,VGO TEL NEW 20,"Rs  18,299",,
471,me Mobile L108,"Rs  2,799",,
472,me Mobile Magic Sound,"Rs  2,699",,
473,me Mobile Magic Star Pro,"Rs  2,699",,
474,me Mobile M6310,"Rs  2,749",,
475,XMobile SL100 Plus Lite,"Rs  3,999",,
476,E-Tachi B105,"Rs  2,599",,
477,E-Tachi E200,"Rs  3,799",,
478,Club Mobile Ali Baba,"Rs  2,699",,
479,Club Mobile Music 400,"Rs  3,299",,
480,Honor 90,"Rs  151,899",,
481,Honor X9a,"Rs  122,499",,
482,Apple iPhone 14 Pro Max,"Rs  499,999",,
483,QMobile Gabbar,"Rs  3,799",,
484,Qmobile Music Ka Sultan Pro,"Rs  3,999",,
485,Q130 classic,"Rs  2,465",,
486,Qmobile Qneo,"Rs  2,649",,
487,Qmobile Qplay,"Rs  2,449",,
488,Infinix Hot 30 Play,"Rs  23,499",,
489,Infinix Note 30 Pro,"Rs  45,999",,
490,Nokia 130 (2024),"Rs  6,499",,
491,Motorola Moto G23,"Rs  32,999",,
492,Tecno Phantom V Fold,"Rs  312,999",,
493,GFive G550 Power,"Rs  3,299",,
494,GFive Boss,"Rs  3,099",,
495,Gfive Fire,"Rs  3,199",,
496,Gfive Pro Max,"Rs  3,299",,
497,Calme C251,"Rs  3,399",,
498,Calme Hero 4G,"Rs  9,599",,
499,ZTE Blade V50 Design,"Rs  27,999",,
500,Dcode Cygnal 3,"Rs  19,799",,
501,VGO TEL i252,"Rs  3,999",,
502,VGO TEL Note 24,"Rs  28,299",,
503,VGO-TEL Easy 200,"Rs  2,549",,
504,me Mobile M-1110 Lite,"Rs  2,425",,
505,me Mobile Magic Max,"Rs  2,799",,
506,E-Tachi 4 Star,"Rs  4,199",,
507,E-Tachi E7i,"Rs  3,799",,
508,Club Mobile Muzik 4,"Rs  3,699",,
509,Club Mobile Ali Baba 1,"Rs  2,699",,
510,Gionee Q23,"Rs  3,299",,
511,Sparx Neo 8 Plus,"Rs  21,299",,
512,KXD Classic core A07,"Rs  18,499",,
513,Nokia 150 (2020),"Rs  9,499",,
514,Nokia 110 4G,"Rs  5,999",,
515,Nokia 150 (2023),"Rs  8,999",,
516,Infinix Hot 12,"Rs  23,299",,
517,Infinix Hot 12 Play,"Rs  28,299",,
518,Samsung Galaxy A53 5G,"Rs  92,999",,
519,Xiaomi Redmi Note 12S,"Rs  74,999",,
520,Tecno Camon 18 Premier,"Rs  74,999",,
521,Tecno Camon 18P,"Rs  45,499",,
522,Tecno Camon 19 Pro,"Rs  49,999",,
523,Tecno Camon 20,"Rs  41,999",,
524,Gionee Q26,"Rs  3,499",,
525,X-CELL XL-602,"Rs  2,699",,
526,GFive Champ,"Rs  3,599",,
527,XMobile X2 Selfie,"Rs  2,899",,
528,Xmobile X50,"Rs  3,799",,
529,Club Mobile A9 Victory,"Rs  3,299",,
530,Club Mobile A95 Plus,"Rs  3,599",,
531,Club Mobile Maula Jutt,"Rs  3,699",,
532,Faywa L7,"Rs  2,549",,
533,Faywa L9,"Rs  2,599",,
534,Faywa Dhoom,"Rs  3,325",,
535,Itel Magic 3,"Rs  5,499",,
536,Dcode X,"Rs  46,199",,
537,AllCall Hero 20 Max,"Rs  20,979",,
538,QMobile E400 Pro,"Rs  3,119",,
539,QMobile G3,"Rs  4,399",,
540,Qmobile E1000 Music,"Rs  3,749",,
541,Qmobile E4 Quad PRO,"Rs  3,599",,
542,Nokia 5710,"Rs  17,999",,
543,Infinix Hot 11 Play,"Rs  26,499",,
544,Infinix Hot 12i,"Rs  34,299",,
545,Infinix Smart 6 HD,"Rs  19,499",,
546,Vivo Y02t,"Rs  22,499",,
547,Vivo V29e,"Rs  71,499",,
548,Tecno Pop 5,"Rs  17,299",,
549,Tecno POP 5 LTE,"Rs  17,299",,
550,Tecno Camon 19 Neo,"Rs  36,999",,
551,Tecno Spark 9T,"Rs  27,999",,
552,GFive music 400,"Rs  3,099",,
553,Digit Bravo,"Rs  2,799",,
554,me Mobile L110,"Rs  1,599",,
555,me Mobile Power Star,"Rs  1,675",,
556,me Mobile DJ Master,"Rs  2,199",,
557,Xmobile D4 Ultra,"Rs  4,099",,
558,Xmobile Platinum 1000,"Rs  4,099",,
559,Club Mobile 105A,"Rs  2,599",,
560,Faywa L5,"Rs  2,649",,
561,Faywa Magic Star,"Rs  2,549",,
562,Faywa K13,"Rs  2,350",,
563,QMobile i4i,"Rs  7,999",,
564,Calme M17,"Rs  2,675",,
565,Qmobile Q105i,"Rs  2,415",,
566,Infinix Hot 20i,"Rs  24,999",,
567,Tecno Camon 20 Premier,"Rs  124,999",,
568,GFive Cobra,"Rs  3,099",,
569,CALME 4G Power,"Rs  8,999",,
570,Sparx Neo 6,"Rs  15,499",,
571,me Mobile Power Bold,"Rs  2,999",,
572,me Mobile L786,"Rs  2,899",,
573,XMobile SL100 Plus,"Rs  3,649",,
574,XMOBILE X1 PLAY,"Rs  3,299",,
575,Xmobile X101 Plus,"Rs  2,749",,
576,Xmobile X Flip,"Rs  3,564",,
577,E-Tachi E200 Lite,"Rs  3,899",,
578,Club Mobile A5000,"Rs  3,499",,
579,Faywa L2,"Rs  2,530",,
580,Faywa Music 400 Pro,"Rs  2,899",,
581,Faywa Music 400,"Rs  3,299",,
582,Samsung Galaxy S24 Ultra (12GB-1TB),"Rs  444,999",,
583,Tecno Camon 18T,"Rs  41,999",,
584,Tecno Pova Neo,"Rs  30,199",,
585,Tecno Spark 8 Pro,"Rs  38,199",,
586,Tecno Spark 8C,"Rs  21,999",,
587,Tecno Camon 19 Pro Mondrian,"Rs  64,999",,
588,VGO TEL I550,"Rs  3,599",,
589,GFive Crown,"Rs  2,325",,
590,GFive Hero,"Rs  3,249",,
591,GFive Speed,"Rs  2,799",,
592,Calme C106,"Rs  2,399",,
593,Calme C105,"Rs  2,699",,
594,me Mobile Power Max,"Rs  1,775",,
595,GRESSO G110,"Rs  3,099",,
596,Xmobile Battery Ka Badshah,"Rs  2,899",,
597,E- Tachi Mega Metal,"Rs  3,799",,
598,E-Tachi iPro Max,"Rs  4,799",,
599,Club Mobile A20,"Rs  3,499",,
600,Club Mobile 106,"Rs  2,599",,
601,Faywa SL100,"Rs  3,275",,
602,Faywa B1 Mini,"Rs  2,599",,
603,Samsung Galaxy A12,"Rs  24,999",,
604,QMobile Q130 Pro,"Rs  2,465",,
605,Nokia 106 (2018),"Rs  5,499",,
606,Tecno Pova Neo 2,"Rs  36,499",,
607,GFive Disco,"Rs  3,199",,
608,GFive Spark,"Rs  2,325",,
609,GFive Mega Music,"Rs  3,499",,
610,Calme C7 pro,"Rs  4,099",,
611,me mobile L101,"Rs  1,525",,
612,me Mobile L100,"Rs  1,450",,
613,me Mobile Power Music,"Rs  1,799",,
614,me Mobile L106 Pro,"Rs  1,999",,
615,VNUS Boss 1,"Rs  3,099",,
616,E-Tachi E888,"Rs  3,749",,
617,Club Mobile Music 110,"Rs  2,699",,
618,Faywa E1000 Party,"Rs  3,179",,
619,Faywa K115,"Rs  2,399",,
620,Faywa K14 (3 SIM),"Rs  1,849",,
621,itel Value 100s,"Rs  4,049",,
622,Dcode Bold,"Rs  29,999",,
623,GFive Baadshah 2.4,"Rs  2,999",,
624,Calme 4G Edge,"Rs  9,500",,
625,E-Tachi E550 mini,"Rs  2,475",,
626,Club Mobile Magic 3,"Rs  4,599",,
627,Faywa F110,"Rs  2,199",,
628,SparX Edge 20,Rs  0,,
629,Sparx ultra 8 pro,"Rs  33,993",,
630,Calme 4G king,"Rs  10,000",,
631,Calme 4G Spark,"Rs  9,950",,
632,Calme C108,"Rs  2,350",,
633,E-Tachi I pro Fold,"Rs  4,950",,
634,E-Tachi Ipro shine,"Rs  5,350",,
635,E-tachi Power 1000,"Rs  4,450",,
636,Nokia 100,"Rs  7,000",,
637,Itel it5209,"Rs  3,299",,
638,Calme 4G Smart,"Rs  9,999",,
639,Calme C5310,"Rs  2,000",,
640,Calme msuic500,"Rs  3,300",,
641,E-tachi I pro 15,"Rs  5,200",,
642,Calme C251 Lite,"Rs  2,999",,
643,Calme Ultra Lite S,"Rs  3,399",,
644,E-tachi B13 Vip,"Rs  2,899",,
645,GFive 4G Style,"Rs  6,999",,
646,Calme 4G LITE,"Rs  7,350",,
647,Calme 4G Prime,"Rs  10,500",,
648,Calme D105,"Rs  3,100",,
649,Calme M15,"Rs  2,300",,
650,Calme Sound Master,"Rs  3,200",,
651,E-Tachi E7 pro,Rs  0,,
652,E-Tachi B12 Star,"Rs  1,999",,
653,E-tachi E4 Hero,"Rs  3,075",,
654,E-tachi Ipro 4g,"Rs  9,999",,
655,E-tachi Ipro Ultra,"Rs  4,750",,
656,KXD Classic Core A10,"Rs  24,499",,
657,me Mobile L102,"Rs  1,385",,
658,Memobile E100,"Rs  2,250",,
659,X Mobile G3 Plus,"Rs  3,300",,
660,XMobile X4 Music,"Rs  3,000",,
661,XMobile X7 Power,"Rs  3,850",,
662,XMobile XStudio,"Rs  3,075",,
663,E-Tachi Star Light,"Rs  3,175",,
664,VGO TEL I700,"Rs  2,850",,
665,XMobile XStudio,"Rs  3,075",,
666,E-Tachi Star Light,"Rs  3,175",,
667,VGO TEL I800,"Rs  2,950",,
668,Memobile Hungama Max,"Rs  3,499",,
669,XMobile Xstudio pro,"Rs  3,299",,
670,Spice Muzik 400 Core,"Rs  2,550",,
671,Faywa F7,"Rs  2,800",,
672,VGO TEL I255,"Rs  2,200",,
673,VGO TEL i11,"Rs  2,900",,
674,Calme Classic,"Rs  2,600",,
675,Memobile Hungama Shine,"Rs  6,999",,
676,Faywa Magic 2,"Rs  2,175",,
677,Calme C888,"Rs  3,299",,
678,Memobile ismart,"Rs  3,198",,
679,Gresso SILK SLIM,"Rs  3,400",,
680,XMobile X6 Lite,"Rs  3,299",,
681,Calme C16,"Rs  2,999",,
